photos/camaro.jpg,photos/camaro1.jpg,photos/camaro2.jpg,
photos/tahoe.jpg,,,
photos/corvette.jpg,photos/corvette1.jpg,photos/corvette2.jpg,photos/corvette3.jpg
photos/impala1.jpg,photos/impala2.jpg,photos/impala3.jpg,
photos/malibu.jpeg,photos/malibu1.jpeg,photos/malibu2.jpeg,
photos/suburban.jpg,photos/suburban1.jpg,photos/suburban2.jpg,
photos/silverado.jpg,photos/silverado1.jpg,photos/silverado2.jpg,
photos/volt.jpg,photos/volt1.jpg,photos/volt2.jpg,
photos/traverse.png,photos/traverse2.jpg,,
photos/cobalt.jpg,photos/cobalt1.jpg,photos/cobalt2.jpg,
