photos/n350z.JPG,photos/n350z1.JPG,photos/n350z2.JPG,
photos/focus.jpg,photos/focus1.jpg,photos/focus2.jpg,photos/focus3.jpg
photos/tt.jpg,photos/tt1.jpg,photos/tt2.jpg,
photos/grandcherokee.jpg,photos/grandcherokee.jpg,photos/grandcherokee.jpg,
photos/liberty.jpg,photos/liberty1.jpg,photos/liberty2.jpg,
photos/civic.jpg,photos/civic1.jpg,photos/civic2.jpg,
photos/tundra.jpg,photos/tundra1.jpg,photos/tundra2.jpg,
photos/fusion.jpg,photos/fusion1.jpg,photos/fusion2.jpg,
photos/sentra.jpg,photos/sentra1.jpg,photos/sentra2.jpg,
photos/accord.jpg,photos/accord1.jpg,photos/accord2.jpg,
